AMAZING MIGHTYYYY!!!!	amz	amazing mighty
Ai Nov
Brain Power
Cyberozar
Dolphika
Gate of Doom
Halcyon
Here We Go
Hyper Active
Los! Los! Los!
Mare Maris
Oshama Scramble!	oshama
Perfect Shining!!
P！P！P！P！がおー!!	P P P P Gao
STARTLINER
The Formula
Zest of Blue
おこちゃま戦争	Okocyama Sensou	Okochama Sensou
みんな Happy!!	Minna Happy
オモイヨシノ	Omoiyoshino
キミノヨゾラ哨戒班	KIMINO YOZORA SHOUKAIHAN	Your Night Sky Patrol
シュガーソングとビターステップ
タテマエと本心の大乱闘	tateyama	dairantou
ブツメツビーターズ
ロッキンピンクモンスター
六兆年と一夜物語	Six Trillion Years and Overnight Story	six trillion	Six trillion nights	Rokuchou nen
千本桜	Senbon Zakura	Thousands of Cherry Trees	Thousand Cherry Blossoms
回レ！雪月花	maware	Maware! setsugetsuka
天ノ弱	amanojaku
天火明命	Amenohoakari	tenkameimei
心象蜃気楼	Imagined Mirage
木彫り鯰と右肩ゾンビ	Kiborinamazu to Migikatazonbi
檄!帝国華撃団	GEKI ! TEIKOKUKAGEKIDAN
脳漿炸裂ガール	nou shou sakuretsu girl	noushou	Brain Fluid Explosion Girl
鬼KYOKAN	Oni KYOKAN	Drill Sergeant
ＧＯ！ＧＯ！ラブリズム♥	Go Go Love Rhythm
Everlasting Today
First Twinkle
Maqrite
Paqqin
SWEET SHAKE!!
Sword of Secret
We Gonna Journey
What color...
ヒビカセ	Hibikase
初音ミクの激唱	The Intense Singing of Hatsune Miku	Gekishou	Intense Singing
神威	KAMUI
閃鋼のブリューナク	Brionac of Steel-flash	brionac	senkou
鳥の詩	Tori no Uta
グリーンライツ・セレナーデ	Greenlights Serenade	Greenlight Serenade
Bad Apple!! feat.nomico	Bad Apple
Grip & Break down !!	Grip and Break Down
ナイト・オブ・ナイツ	Night of Knights / Knight of Nights	Night of Knights	Knight of Nights	nok	kon
幻想のサテライト	gensounosateraito	Gensou no Satelite	Satelite	Gensou
7thSense
GAME IS LIFE
GranFatalité	GranFatalite
oboro
Äventyr	Aventyr
ぼくらの16bit戦争	Bokura no 16bit Wars	Our 16bit Wars	16bit wars
Energy Booster ～ 上海紅茶館
sweet little sister
れみりあ☆デスティニー
アクアテラリウム
四次元跳躍機関	Four-Dimensional Warp Device
Destiny Runner
ゴーストルール	Ghost Rule
ブリキノダンス	BURIKI NO DANCE
最終鬼畜妹フランドール・Ｓ
砂の惑星 feat. HATSUNE MIKU	DUNE feat. Hatsune Miku	dune
Dazzle hop
Kattobi KEIKYU Rider	kattobi
YURUSHITE
エンドマークに希望と涙を添えて	End Mark ni Kibou to Namida wo soete	Endmark
今ぞ♡崇め奉れ☆オマエらよ！！～姫の秘メタル渇望～
いーあるふぁんくらぶ	iarufanclub	1 2 Fanclub
カミサマネジマキ	Kamisama Neji Maki	Wind-Up God
チュルリラ・チュルリラ・ダッダッダ！	Chururira • Chururira • Daddadda!	chururira
幸せになれる隠しコマンドがあるらしい	Shiawase ni Nareru Kakushi Command ga Arurashii	shiawase	There's Supposed to Be a Cheat Code for Happiness	It Seems Like There's A Secret Command To Becoming Happy
Dragoon
GOODRAGE
月に叢雲華に風	Tsuki Ni Murakumo Hana Ni Kaze
Opfer
Titania
怒槌	Ikazuchi
混沌を越えし我らが神聖なる調律主を讃えよ	Konton	kontol
HARMONIZE
こころここから	Kokoro Kokokara
ロボットプラネットユートピア	Robot Planet Utopia
時の冒険者	Toki no Boukensya	Adventurer of Time
Calamity Fortune
Jump!! Jump!! Jump!!
TAKE ON THE WORLD
TeA
fulgente
クイーンオブハート
ヒバナ	HIBANA
ロキ	ROKI	loki
DAYBREAK FRONTLINE
MEGATON BLAST
アンハッピーリフレイン	Unhappy Refrain
本能的 Survivor
Tell Your World
からくりピエロ	Karakuri Pierrot
初音ミクの消失	The Disappearance of Hatsune Miku	disappearance
星屑ユートピア	Hoshikuzu Utopia	Stardust Utopia
炉心融解	Roshin Yukai	Meltdown
＊ハロー、プラネット。	*Hello, Planet.
Chelly spLash♪♪
Cream+Mint
Death Doll
Kiss Me Kiss
Sakura Fubuki
オンゲキ全域★アカネサマ？
Lost Princess
アリサのテーマ
Connecting Happy!!
シャルル	Charles
ネ！コ！	NE!KO!
BOUNCE & DANCE	Bounce and Dance
Sentimental Snow
めんどーい！やっほーい！ともだち！
エピクロスの虹はもう見えない	Epikouros no niji wa mou mienai
心	Kokoro	Heart
Necro Fantasia
妖狐仙楽踏
寒想桜
東方妖々夢 ～the maximum moving about～	toho yoyomu -the maximum moving about-	the maximum moving about
進捗どうですか？	Shinchoku Doudesuka?
Colors
Melody！
Scream out! -音華鏡 Re:BREAK-
櫻結び
Rule the World!!
UTAKATA
Y.Y.Y.計画!!!!
conflict
どうぶつ☆パラダイス	Doubutsu Paradise	Animal Paradise
39
メルト	Melt	meruto
Garakuta Doll Play	gdp
Starring Stars
The wheel to the right
Viyella's Tears
Aenbharr
ω4	omega4	w4
チルノのパーフェクトさんすう教室	Cirno's Perfect Math Class	Cirno
ドーナツホール	DONUT HOLE
人生リセットボタン	Life Reset Button
光線チューニング	Ray Tuning	Rays Tuning
妄想感傷代償連盟	MKDR
ADAMAS
Baqeela
Desperado Waltz	desperado
Doll's Destiny
FREEDOM DiVE (tpz Overcute Remix)	FREEDOM DiVE	fd
GO! GO! MANIAC
Lazy Addiction
METEOR
Preserved Roses
Star Divine
The Everlasting Guilty Crown
Touch and Go
まっすぐ→→→ストリーム！
ギガンティックO.T.N	Gigantic O.T.N
サドマミホリック	SadoMamiHolic	Sadomami
サマータイムレコード
ダンスロボットダンス	Dance Robot Dance
トリドリ⇒モリモリ！Lovely fruits☆	lovely fruits	toridori	toridori morimori
ブレス・ユア・ブレス	Bless Your Breath
夜明けのストリング
徒花ネクロマンシー	Adabana Necromancy
快晴
患部で止まってすぐ溶ける～狂気の優曇華院	Kanbu de Tomatte Sugu Tokeru	Kanbu	Overdrive
最強 the サマータイム!!!!!	saikyo the summertime	saikyou the summertime
緋蜂
星のダイアローグ
永遠メモリー
Hello, Morning
人類みなセンパイ！
透明声彩
Help me, ERINNNNNN!!	Help Me ERIN
ウサテイ	USATEI
レプリカの恋
全力ハッピーライフ	Zenryoku Happy Life	Full Power Happy Life
銀のめぐり
GEOMETRIC DANCE
MAKING！ハイタッチ！
インビジブル	Invisible
Imperishable Night 2006 (2016 Refine)	Imperishable Night 2006	Imperishable Night
Petit Etoile
未来の彼方
青春サイダー	Seishun Cider
メーベル (self cover)
彗星ハネムーン	Comet Honeymoon
HONEY-Q
Mini skirt
ナイト・オブ・ナイツ (Cranky Remix)	Night of Knights cranky remix	Knight of nights cranky remix	nok cranky	kon cranky
ポケットからぬりつぶせ！	Pocket kara nuritsubuse
SILENT BLUE
World Vanquisher	wv
お願い☆My Boy
スタートライン
星屑☆シーカー
A Man In The Mirror
デリヘル呼んだら君が来た	Deriheru	Deriheru Yondara Kimi ga Kita	When I Arranged For A Call Girl, You Appeared
感情アクセラレイション
Girls Talk!!
ただ君に晴れ	Tada Kimi ni Hare
セカイのヒミツ
裏表ラバーズ	Uraomote Lovers
LEVEL5-judgelight-
こどものしくみ
トーキョーゲットー
フィクサー	Fixer
Let's Starry Party！
Snow Fairy Story
白い雪のプリンセスは	The Snow White Princess is
ジングルベル	Jingle Bell	Jingle Bells
Change Our MIRAI！ (Our 7 Lights)
Heart Cooking Recipe
Honey Bear
ライトスピード・デイズ	Lightspeed Days
猫祭り	Neko Matsuri
ECHO
My Soul,Your Beats!
セツナトリップ	Setsuna Trip
愛言葉Ⅲ
Good bye, Merry-Go-Round.	merry go round
INSIDE IDENTITY
ヒトリボッチサテライト
Brave Song
Crow Song
地球最後の告白を	Chikyuu Saigo no Kokuhaku wo	The Earth's Final Confession
Doll Judgment
Duello
Radiance
folern
しゅわスパ大作戦☆	ShuwaSupa Daisakusen
BOKUTO
shake it！
おねがいダーリン	ONEgai Darlin'	Onegai Darling
Catch the Moment
Last Kingdom
R'N'R Monsta
Sparkle
Splash Dance!!
Vibes 2k20
お願いマッスル	Onegai Muscle
どどんぱち大音頭
わたしたち魔法乙女です☆
ドラマツルギー	Dramaturgy
ヒャダインのカカカタ☆カタオモイ-C
ピースサイン
メルティランドナイトメア	Melty Land Nightmare
乙女解剖	Otome Kaibou	Maiden Dissection
春擬き
疾走あんさんぶる	Sissou Ensemble	Sissou
Seyana. ～何でも言うことを聞いてくれるアカネチャン～	Seyana. ~AKANE's anything ok~	seyana
SmileAgain
Dreadnought
エブリデイワールド
INDETERMINATE UNIVERSE
アンドロイドガール	Android Girl
ホシノキズナ
Ai Drew
チェチェ・チェック・ワンツー！
撩乱乙女†無双劇
Contrail ～軌跡～
Deep-Connect
物凄い狂っとるフランちゃんが物凄いうた
DAWNBREAKER
otorii INNOVATED -[i]3-	otorii	otorii innovated
ぱくぱく☆がーる	Pakupaku Girl	pakupaku
アマツカミ
セガサターン起動音[H.][Remix]	SEGASATURN Startup Sound[H.][Remix]	Sega Saturn	Sega Saturn Startup Sound
Galaxy Blaster
Trinity Departure
進め！マイウェイ！
Catch the Wave
Purple Rays
Stage of Star
ハッピータイフーン
Believe
Nameless Story
リトルソルジャー
Summer is over
でらっくmaimai♪てんてこまい!	Deraku maimai ♪ Tentekomai!	Derakku maimai Tentekomai
夏色花火
Hand in Hand
アンノウン・マザーグース	Unknown Mother-Goose
スイートマジック	Sweet Magic
AstrøNotes.
絆はずっとGrowing Up!!!
超常マイマイン	Paranormal my mind	Chojo maimain
Air
Destr0yer	Destroyer
深海のリトルクライ feat. 土岐麻子	Little Cry of the Abyss
NATSUKAGE-夏陰-
Snow in "I love you"
ルナティックレッドアイズ	Lunatic Red Eyes
End Time
ベースラインやってる？笑	bassline	baseline	Can I friend you on Bassbook	Can I friend you on Bassbook? lol	bassbook	Bassline Yatteru
花たちに希望を	Hope for the Flowers
Genesis
Glorious Crown (tpz over-Over-OVERCUTE REMIX)	gc
Iudicium “Apocalypsis Mix”
My First Phone	mfp
luna blu
スン(マイル)フラワー～Sun(Mile)Flower
ナンセンス文学	Nonsense Literature
100%ちゅ～学生
いぇす！ゆゆゆ☆ゆるゆり♪♪
ヒトガタ	Hitogata
Singularity
脳天直撃	Nouten	Nouten Chokugeki	egg	ongeki egg
Jörqer	Jorqer
PinqPiq (xovevox Remix)
felys -final remix-	felys
ゆるゆり、てんやわんや☆
スパッと！スパイ＆スパイス
All Right!
Daydreama
Forever Friends
Glitter-Glitter
Lostwizz
No Limit RED Force
Phantom Joke
RED to RED
STARTLINER -三角 葵ソロver.-
STARTLINER -星咲 あかりソロver.-
STARTLINER -藤沢 柚子ソロver.-
Sound Chimera
Stargazing Dreamer
だれかの心臓になれたなら	I want to be your heart
ふわふわ時間(タイム)
ウキウキ☆Candy!
カラフル
テオ	Teo
ナイト・オブ・ナイツ (xi Remix)
ベノム	venom	Venom
五等分の気持ち	Gotoubun no Kimochi
侵略ノススメ☆
東亞 -O.N.G.E.K.I. MIX-
紅蓮華	Gurenge	Demon Slayer
雷切-RAIKIRI-
Oshama Scramble! (Cranky Remix)
Shiny Smily Story
beautiful tomorrow
コネクト
よいまちカンターレ
ガヴリールドロップキック	Gabriel Dropkick
Jack-the-Ripper◆
ツクヨミステップ	tsukuyomi step	Tsukuyomi Step
反撃! 突撃! Back To Back!
この番組はうら若き公務員たちの提供でお送りいたします
宛城、炎上！！	enjo	enjyo	enjo enjo	enjyo enjyo	enjou enjou
進化系Colors
イカサマライフゲイム	Ikasama Life Game	Ikasama
絶対にチョコミントを食べるアオイチャン	chocomint	Mint choco	Aoi	Aoi chan
LiftOff
キミは“見ていたね”？
名探偵連続殺人事件	MEITANTEIRENZOKUSATSUJINJIKEN
Reach for the Stars	rfts
ナイト・オブ・ナイツ (かめりあ’s“ワンス・アポン・ア・ナイト”Remix)	Night of Knights Camellia	Knight of Nights Camellia	nok camellia	kon Camellia
ヤミツキ	Yamitsuki
FLUFFY FLASH
Let's Starry Party！ -結城 莉玖ソロver.-
Let's Starry Party！ -藍原 椿ソロver.-
Let's Starry Party！ -高瀬 梨緒ソロver.-
Over Voltage
Sign
LOVERS
Paranoia
Satori ～3rd EyEs (2020 Recall)
聖少女サクリファイス
Singularity (Arcaea)	etia	Singularity etia
愛されなくても君がいる	Aisarenakute mo Kimi ga Iru	Because You’re Here	Even if I'm Not Loved, You're here
Burning Steel Inferno
Grievous Lady	gl
Red and Blue and Green	red blue green
迷える音色は恋の唄
YAMINABE☆PANIC ～ご馳走詰め込みフルコース～
ウミユリ海底譚	Umiyuri Kaiteitan	Umiyuri
ビターチョコデコレーション	Bitter Choco Decoration
Don't Fight The Music	dftm
Falsum Atlantis.	falsum
Climax
タイムマシン
ツギハギスタッカート
STORIA
カナリア
太陽系デスコ	Solar System Disco
Kiss Me Kiss -早乙女 彩華ソロver.-
Kiss Me Kiss -桜井 春菜ソロver.-
天狗の落とし文 feat. ｙｔｒ	Tengu No Otoshibumi feat. Ytr	Tengu no Otoshibumi
明星ロケット	Akeboshi Rocket
fulgente (flip-side color mix)
クライングハート
スクランブル交際
吉原ラメント	YOSHIWARALAMENTO	yoshiwara lament
Ruler Count, Zero
Say Goodbye
だから僕は音楽を辞めた	That's Why I Quit Music	That's Why I Gave Up On Music	Moonlight
命に嫌われている	Hated By Life Itself
JUMPin' JUMP UP!!!!
SAKURAスキップ
ワタシConnect*
Bad Apple!! feat.nomico (豚乙女 Ver.)
See The Light
美夜月鏡
Viyella's Scream
larva
サクライロフワリ
藍の華
A Day in the Patisserie
Adverse Gaff
Altale
BBBLOW -rebuild-
Daredevil Glaive
Fly to the Leaden Sky -O.N.G.E.K.I. MIX-
Henceforth
JOINT
LINK
QZKago Requiem	qzkago	qz	qzingo
Random Access Emotions
Realize
STARRED HEART
ポケットからぬりつぶせ！ -日向 千夏ソロver.-
ポケットからぬりつぶせ！ -東雲 つむぎソロver.-
ポケットからぬりつぶせ！ -柏木 美亜ソロver.-
ロストワードクロニカル	Lost Word Chronicle	Lost Word Chronicles
ワールズエンド・ダンスホール	WORLD'S END DANCE HALL
初恋は君色メモリー
天空カフェテリア	Tenkuu Cafeteria
心予報	Kokoroyohou 
最っ高のエンタメだ!!
秒針を噛む	Bite the second hand	Byoshin wo Kamu	Second Hand
Singularity (MJ)
セガNET麻雀MJ -O.N.G.E.K.I. MIX-
BATTLE NO.1	bn1
Daydream café
Virtual to LIVE
シャッキーーン！！	Shocking	Sha-ki-n
あの世行きのバスに乗ってさらば。	I'm getting on the bus to the other world, see ya!	bus
ボッカデラベリタ	Bocca Della Verita
ラクガキスト	Graffitist	Luckgakist
colorful transparency
僕たちの旅とエピローグ。
四月の雨	April Showers	Sigatsu no Ame
無敵のフロンティア三銃士
Ahoy!! 我ら宝鐘海賊団☆
EZ DO DANCE
めんどーい！やっほーい！ともだち！  -井之原 小星ソロver.-
めんどーい！やっほーい！ともだち！  -柏木 咲姫ソロver.-
シアワセうさぎ・ぺこみこマリン
Check my soul
ラストリゾート
夜咄ディセイブ	Yobanashi Deceive	Yobanashi
Amphisbaena
Realize!
c.s.q.n.
Cult future
Pastel Sprinkles
give it up to you
Secret Sleuth
イルミナージュ・ランド
雨とペトラ	Rain and Petra	Ame to Petra
アルカリレットウセイ	Arukari Rettousei	alkali	Alkali rettousei
キレキャリオン	Kire Kyari On
バイオレンストリガー	Violence Trigger
撥条少女時計
Once in my life
シンデレラディスコ
ジャンヌ・ダルクの慟哭
ネガティブ進化論	Theory of Negativity
猫猫的宇宙論	nyannyan	Cosmology of NyanNyan
Love & Justice
MEGATON BLAST (tpz Overcute Remix)
Ruler Count, Zero -九條 楓ソロver.-
Ruler Count, Zero -珠洲島 有栖ソロver.-
Ruler Count, Zero -逢坂 茜ソロver.-
とても素敵な六月でした
告白バンジージャンプ
Bad Apple!! feat.nomico (Camellia’s “Bad Psy” Remix)
DRAGONLADY
Rendezvous
STAR
Supersonic Generation
Xevel
macrocosmos
アカリがやってきたぞっ	Akari	Akari ga yattekitazou	Akari has Arrived
キズナ Sparkling World
レーイレーイ ～超絶最強アメちゃん Mix～
幾望の月	Kibou no Tsuki
MAGNETAR GIRL
U ARE
おやすみのうた
Splash Dance!! -井之原 小星ソロver.-
Splash Dance!! -日向 千夏ソロver.-
Splash Dance!! -星咲 あかりソロver.-
Splash Dance!! -桜井 春菜ソロver.-
Splash Dance!! -高瀬 梨緒ソロver.-
Snow Song Show
TiamaT：F minor
ネクストネスト
LUNA DIAL -Version X-SAKUYA-
Nowhere Girl
Weekend Clock
悪戯センセーション	Mischievous Sensation
My precious holiday
Paradisus-Paradoxum
エータ・ベータ・イータ
その群青が愛しかったようだった	Sono gunjo	It seemed that the ultramarine was loved
輪廻転生
Re：End of a Dream	Re:End
STYX HELIX
Starring Stars -三角 葵ソロver.-
Starring Stars -星咲 あかりソロver.-
Starring Stars -藤沢 柚子ソロver.-
CO5M1C R4ILR0AD	cosmic railroad
レイル・ロマネスク ハチロクver.
空奏列車
Apollo
GODLINESS
LAMIA
あ・り・ま・す・か？
おはようジャポニカ
ニニ
ケロ⑨destiny	KERO⑨destiny
断罪は遍く人間の元に
蛙石
風に乗せた願い
Burning Hearts ～炎のANGEL～	Angels with Burning Hearts	Burning Hearts	Burning Angel
ENERGY SYNERGY MATRIX	ESM
カラッポ・ノンフィクション	Karappo Nonfiction
Dement ～after legend～
Elusive Emotes
Happiness on the Table
Hide & Attack
KING
Last Celebration
NEXT COLOR PLANET
No Limit RED Force -早乙女 彩華ソロver.-
No Limit RED Force -星咲 あかりソロver.-
No Limit RED Force -柏木 咲姫ソロver.-
No Limit RED Force -柏木 美亜ソロver.-
No Limit RED Force -藍原 椿ソロver.-
SUPER AMBULANCE
TEmPTaTiON
Transcend Lights
うっせぇわ	Ussewa	Shut up	Be quiet
なんどでも笑おう
よんでミラクるん!
ゲーミングポーラーベア
ジャンキーナイトタウンオーケストラ	Junky Night Town Orchestra
ダーリンダンス	Darling Dance
ミラージュ・フレイグランス	Mirage Fragrance
恋愛裁判	Love Trial
春を告げる	Haru wo Tsugeru
最終鬼畜全部声
色は匂へど散りぬるを	Iro Ha Nioedo Chirinuruwo
花ハ踊レヤいろはにほ
花時は夢を見る。
Cutter
Psalms ～魂の還るばしょ～
竹	Take	Bamboo
Y.Y.Y.計画!!!! -九條 楓ソロver.-
Y.Y.Y.計画!!!! -珠洲島 有栖ソロver.-
Y.Y.Y.計画!!!! -逢坂 茜ソロver.-
ぶいちゅっばの歌
アマカミサマ
エッビーナースデイ
ハッピーエンドをはじめから
Catch Me If You Can
Skip & Smile!!
μάγια
39みゅーじっく！	39 music	Thank you music
初音天地開闢神話	Hatsune Tenchikaibyaku Shinwa	Hatsune Creation Myth
Mizutama-Tripster
うぇるかむ to ONSEN!!
ぽかぽか温泉音頭
福宿音屋魂音泉	Fukujuku Otoya Tamaonsen	Tamaonsen	Fukuyadootoya Tamaonsen
足立オウフwwww	Adachioufu	Adachioufu wwww	wwww
永遠にゲームで対戦したいキリタン	kiritan	Kiritan Wants to Battle Online Forever
泥の分際で私だけの大切を奪おうだなんて	dorobo	Being low as dirt, taking what's important from me	being low as dirt
無敵のフロンティア三銃士 -三角 葵ソロver.-
無敵のフロンティア三銃士 -九條 楓ソロver.-
無敵のフロンティア三銃士 -日向 千夏ソロver.-
電脳少女は歌姫の夢を見るか？
700,000,000,000,000,000,000,000の空で
MANIERA REMASTERED
シャノワール
Everything Will Freeze
RELOAD
Shamshir -rough Pt.2-
rePrayer
お空のニュークリアフュージョン道場
Party 4U ''holy nite mix''
White Magic Night!
天つ風
Showguts
はっぴぃ にゅう にゃあ
Heart Cooking Recipe -九條 楓ソロver.-
Heart Cooking Recipe -井之原 小星ソロver.-
Heart Cooking Recipe -藤沢 柚子ソロver.-
Ready Steady
セカイはまだ始まってすらいない	Sekai hasn't even started yet
悔やむと書いてミライ
B WiZ U
Diamond Dust
I got a gig tonight!
いつか花咲くその前に
セカイ	Sekai
ワーワーワールド
2112410403927243233368
Crimson Phoenix
STARLIGHT TWILIGHT -GC edit-
The world of spirit
君のStarlight Road
CHOCOLATE BOMB!!!!
Handmade Good Day
Suspiro
give it up to you -早乙女 彩華ソロver.-
give it up to you -桜井 春菜ソロver.-
キミは“見ていたね”？ -東雲 つむぎソロver.-
キミは“見ていたね”？ -結城 莉玖ソロver.-
腐れ外道とチョコレゐト	Kusare gedou to chocolate	kusare gedou
Magical Panic Adventure
ミライメモリーズ！
霧の書斎
Like the Sun, Like the Moon
せーので跳べって言ってんの！
私たち、四季を遊ぶんです！！
BABYLON
Velaciela (Hyper Mix)
エピトゥリカの祀
8OROCHI
Alea jacta est!	alea
Butterfly Wave
FANTASY BABY
FREEDOM DiVE	fd
Final Flash Flight
Girl's Party Planet!
HEAVEN'S RAVE
ICEBURN
Island Breeze
Jump!! Jump!! Jump!! -三角 葵ソロver.-
Jump!! Jump!! Jump!! -星咲 あかりソロver.-
Jump!! Jump!! Jump!! -藤沢 柚子ソロver.-
Jump!! Jump!! Jump!! -逢坂 茜ソロver.-
Jump!! Jump!! Jump!! -高瀬 梨緒ソロver.-
Knocking Harder
Let Me Know (feat. Masayoshi Iimori)
Op.I《fear-TITΛN-》	titan	op 1 fear titan	op i fear titan
Princesses Holiday
UTOPIA CRASH
YO-KAI Disco
YURUSHITE (LeaF Remix)
Ἀταραξία
うまぴょい伝説	Umapyoi Densetsu	Umapyoi	Uma musume
まりもとおもちゃ箱
サンダーライン
ヒステリックナイトガール	Hysteric Nightgirl
リテラチュア
其のエメラルドを見よ
回転 feat.あやぽんず＊
幽霊東京	Ghost City Tokyo	Yuurei Tokyo
涙隠しておんな道
神々が恋した幻想郷	Eastern Cross
金木犀 feat.Ado
So much loving you★ -DIVA Edit-
サイハテ
パラジクロロベンゼン
ミラクルペイント	Miracle Paint
In Chaos
クライノイド
ワガママMIRROR HEART
無敵☆moment
Blows Up Everything	bue	Blows Up
ポジティブ☆ダンスタイム
マイオドレ！舞舞タイム	Maiodore! maimai Time	mai odore	maimai time
BLUE ZONE
HELLO,SOFMAP WORLD
別れのワルツ
Baqeela (Creepy Remix)
Departure
Little Twinkle
MarbleBlue.
Vibes 2k20 (owl＊aging remix)
オンソクデイズ!!
ランダムサンデー
最強 the サマータイム!!!!! -日向 千夏ソロver.-
最強 the サマータイム!!!!! -星咲 あかりソロver.-
最強 the サマータイム!!!!! -東雲 つむぎソロver.-
最強 the サマータイム!!!!! -柏木 美亜ソロver.-
最強 the サマータイム!!!!! -高瀬 梨緒ソロver.-
空色メモリーズ
超前進！満点スマイル！
Trrricksters!!	Trickster	Tricksters
タイガーランペイジ	Tiger Rampage
ロング・スロー・アライブ	Long Slow Alive
Akasagarbha -reincarnate-	Akasagarbha
Electric Emotion
REAL VOICE
Geki Geki!! 激闘Break Out!!
STARRED HEART -九條 楓ソロver.-
STARRED HEART -星咲 あかりソロver.-
STARRED HEART -東雲 つむぎソロver.-
STARRED HEART -珠洲島 有栖ソロver.-
STARRED HEART -結城 莉玖ソロver.-
ビビッドヒーロー
卑怯戦隊うろたんだー	Hikyou Sentai Urotander	Coward Fighters Urotander	The Dirty and Unmanly Force Urotander	Urotander, Underhanded Rangers
音弾超人ゴリライザー
New World
Singing to the gods
U.N.オーエンは彼女なのか？ - Greater Scarlet
キュアリアス光吉古牌　－祭－
妖々跋扈 ～ Who done it！！！
幽闇に目醒めしは	Anything which was awakened to phantom-dusk
Ai C
Armageddon
FLUFFY FLASH (C-Show & Maozon Remix)
Over the Border
Resolution
Stardust:RAY
ゼーレンヴァンデルング
ヒストリー×ブレイカー
ロッキンピンクモンスター (豚乙女ランコVo Ver.)
オートファジー
ストリーミングハート	Streaming Heart
マチガイサガシ
敗北の少年	The Defeated Boy	Defeated Boy
Alice's Suitcase
Cyaegha
Löschen	Loschen
Malicious Mischance
Tempestissimo
Transcend Lights -星咲 あかりソロver.-
Transcend Lights -東雲 つむぎソロver.-
Transcend Lights -柏木 美亜ソロver.-
Transcend Lights -皇城 セツナソロver.-
Transcend Lights -高瀬 梨緒ソロver.-
L'épilogue	Lepilogue
Magic
Diamond Dust -crystal piano Arr.-
Flower
HEADLINER
Memories of O.N.G.E.K.I.
Recollect Lines
Selenadia
μ3	u3	mu3
しとしとと	sitositoto
イルミネーション
光焔のラテラルアーク
夢を叶える場所
怨撃
怨撃・真
青空コントレール
ここからはじまるプロローグ。	kokokara hajimaru prologue	Prologue	The prologue that starts from here.	Kokokara Hajimeru Prologue
朝焼けプラットホーム	Sunrise Platform
絆はずっとGrowing Up!!! -三角 葵ソロver.-
絆はずっとGrowing Up!!! -星咲 あかりソロver.-
絆はずっとGrowing Up!!! -藤沢 柚子ソロver.-
とびだせ！TO THE COSMIC!!	tobidase	tobidase to the cosmic	to the cosmic
コスモポップファンクラブ	Cosmo Pop Fan Club	cpfc
